dummy_entry,-,-,\n
Arr3_6PWC,M,G,E,K,P,G,T,R,V,F,K,K,S,S,P,N,C,K,L,T,V,Y,L,G,K,R,D,F,V,D,H,L,D,K,V,D,P,V,D,G,V,V,L,V,D,P,D,Y,L,K,D,R,K,V,F,V,T,L,T,C,A,F,R,Y,G,R,E,D,L,D,V,L,G,L,S,F,R,K,D,L,F,I,A,T,Y,Q,A,F,P,P,V,P,N,P,P,R,P,P,T,R,L,Q,D,R,L,L,R,K,L,G,Q,H,A,H,P,F,F,F,T,I,P,Q,N,L,P,C,S,V,T,L,Q,P,G,P,E,D,T,G,K,A,C,G,V,D,F,E,I,R,A,F,C,A,K,S,L,E,E,K,S,H,K,R,N,S,V,R,L,V,I,R,K,V,Q,F,A,P,E,K,P,G,P,Q,P,S,A,E,T,T,R,H,F,L,M,S,D,R,S,L,H,L,E,A,S,L,D,K,E,L,Y,Y,H,G,E,P,L,N,V,N,V,H,V,T,N,N,S,T,K,T,V,K,K,I,K,V,S,V,R,Q,Y,A,D,I,C,L,F,S,T,A,Q,Y,K,C,P,V,A,Q,L,E,Q,D,D,Q,V,S,P,S,S,T,F,C,K,V,Y,T,I,T,P,L,L,S,D,N,R,E,K,R,G,L,A,L,D,G,K,L,K,H,E,D,T,N,L,A,S,S,T,I,V,K,E,G,A,N,K,E,V,L,G,I,L,V,S,Y,R,V,K,V,K,L,V,V,S,R,G,G,-,-,-,-,-,-,-,-,D,V,S,V,E,L,P,F,V,L,M,H,P,K,P,H,D,H,I,P,L,P,R,P,Q,S,A,A,P,E,T,D,V,P,V,D,T,N,L,I,E,F,D,T,N,Y,A,T,D,D,D,I,V,F,E,D,F,A,R,L,R,L,K,G,M,K,D,D,D,Y,D,D,Q,L,C,-,-,-,-,-,-,-,-,-
Arr2_6U1N,M,-,G,D,K,G,T,R,V,F,K,K,A,S,P,N,G,K,L,T,V,Y,L,G,K,R,D,F,V,D,H,I,D,L,V,D,P,V,D,G,V,V,L,V,D,P,E,Y,L,K,E,R,R,V,Y,V,T,L,T,C,A,F,R,Y,G,R,E,D,L,D,V,L,G,L,T,F,R,K,D,L,F,V,A,N,V,Q,S,F,P,P,A,P,E,D,K,K,P,L,T,R,L,Q,E,R,L,I,K,K,L,G,E,H,A,Y,P,F,T,F,E,I,P,P,N,L,P,C,S,V,T,L,Q,P,G,P,E,D,T,G,K,A,C,G,V,D,Y,E,V,K,A,F,C,A,E,N,L,E,E,K,I,H,K,R,N,S,V,R,L,V,I,R,K,V,Q,Y,A,P,E,R,P,G,P,Q,P,T,A,E,T,T,R,Q,F,L,M,S,D,K,P,L,H,L,E,A,S,L,D,K,E,I,Y,Y,H,G,E,P,I,S,V,N,V,H,V,T,N,N,T,N,K,T,V,K,K,I,K,I,S,V,R,Q,Y,A,D,I,C,L,F,N,T,A,Q,Y,K,C,P,V,A,M,E,E,A,D,D,T,V,A,P,S,S,T,F,C,K,V,Y,T,L,T,P,F,L,A,N,N,R,E,K,R,G,L,A,L,D,G,K,L,K,H,E,D,T,N,L,A,S,S,T,L,L,R,E,G,A,N,R,E,I,L,G,I,I,V,S,Y,K,V,K,V,K,L,V,V,S,R,G,G,L,L,G,D,L,A,S,S,D,V,A,V,E,L,P,F,T,L,M,H,P,K,P,K,E,E,P,P,-,-,-,-,H,R,E,V,P,E,N,E,T,P,V,D,T,N,L,I,E,L,D,T,N,-,-,-,D,D,D,I,V,F,E,D,F,A,R,Q,R,L,K,G,M,K,D,D,K,E,E,E,E,D,G,T,G,S,P,Q,L,N,N,R
Arr3_6U1N,M,G,E,K,P,G,T,R,V,F,K,K,S,S,P,N,C,K,L,T,V,Y,L,G,K,R,D,F,V,D,H,L,D,K,V,D,P,V,D,G,V,V,L,V,D,P,D,Y,L,K,D,R,K,V,F,V,T,L,T,C,A,F,R,Y,G,R,E,D,L,D,V,L,G,L,S,F,R,K,D,L,F,I,A,T,Y,Q,A,F,P,P,V,P,N,P,P,R,P,P,T,R,L,Q,D,R,L,L,R,K,L,G,Q,H,A,H,P,F,F,F,T,I,P,Q,N,L,P,C,S,V,T,L,Q,P,G,P,E,D,T,G,K,A,C,G,V,D,F,E,I,R,A,F,C,A,K,S,L,E,E,K,S,H,K,R,N,S,V,R,L,V,I,R,K,V,Q,F,A,P,E,K,P,G,P,Q,P,S,A,E,T,T,R,H,F,L,M,S,D,R,S,L,H,L,E,A,S,L,D,K,E,L,Y,Y,H,G,E,P,L,N,V,N,V,H,V,T,N,N,S,T,K,T,V,K,K,I,K,V,S,V,R,Q,Y,A,D,I,C,L,F,S,T,A,Q,Y,K,C,P,V,A,Q,L,E,Q,D,D,Q,V,S,P,S,S,T,F,C,K,V,Y,T,I,T,P,L,L,S,D,N,R,E,K,R,G,L,A,L,D,G,K,L,K,H,E,D,T,N,L,A,S,S,T,I,V,K,E,G,A,N,K,E,V,L,G,I,L,V,S,Y,R,V,K,V,K,L,V,V,S,R,G,G,-,-,-,-,-,-,-,-,D,V,S,V,E,L,P,F,V,L,M,H,P,K,P,H,D,H,I,P,L,P,R,P,Q,S,A,A,P,E,T,D,V,P,V,D,T,N,L,I,E,F,D,T,N,Y,A,T,D,D,D,I,V,F,E,D,F,A,R,L,R,L,K,G,M,K,D,D,D,Y,D,D,Q,L,C,-,-,-,-,-,-,-,-,-
DOR,A,S,G,P,P,G,A,R,S,A,S,S,L,A,L,A,I,A,I,T,A,L,Y,S,A,V,C,A,V,G,L,L,G,N,V,L,V,M,F,G,I,V,R,Y,T,K,M,K,T,A,T,N,I,Y,I,F,N,L,A,L,A,D,A,L,A,T,S,T,L,P,F,Q,S,A,K,Y,L,M,E,T,W,P,F,G,E,L,L,C,K,A,V,L,S,I,D,Y,Y,N,M,F,T,S,I,F,T,L,T,M,M,S,V,D,R,Y,I,A,V,C,H,P,V,K,A,L,D,F,R,T,P,A,K,A,K,L,I,N,I,C,I,W,V,L,A,S,G,V,G,V,P,I,M,V,M,A,V,T,R,P,R,D,G,A,V,V,-,-,C,M,L,Q,F,P,S,P,-,S,W,Y,W,D,T,V,T,K,I,C,V,F,L,F,A,F,V,V,P,I,L,I,I,T,V,C,Y,G,L,M,L,L,R,L,R,S,V,R,L,L,S,G,S,K,E,K,D,R,S,L,R,R,I,T,R,M,V,L,V,V,V,G,A,F,V,V,C,W,A,P,I,H,I,F,V,I,V,W,T,L,V,D,I,D,R,R,D,P,L,V,V,A,A,L,H,L,C,I,A,L,G,Y,A,N,S,S,L,N,P,V,L,Y,A,F,L,D,E,N,F,K,R,C,F,R,Q,L,C,R,K,,,,,,,,,,,,,,,,,,,,,,,,,,,,,,,,,,,,,,,,,,,,,,,,,,,,,,,,,,,,,,,,,,,,,,,,,,,,,,,,,,,,,,,,,,,,,,,,,,,,,,,,,,,,,,,,,,,,,,,,,
KOR,A,H,I,S,P,-,-,-,-,-,-,-,-,A,I,P,V,I,I,T,A,V,Y,S,V,V,F,V,V,G,L,V,G,N,S,L,V,M,F,V,I,I,R,Y,T,K,M,K,T,A,T,N,I,Y,I,F,N,L,A,L,A,D,A,L,V,T,T,T,M,P,F,Q,S,T,V,Y,L,M,N,S,W,P,F,G,D,V,L,C,K,I,V,I,S,I,D,Y,Y,N,M,F,T,S,I,F,T,L,T,M,M,S,V,D,R,Y,I,A,V,C,H,P,V,K,A,L,D,F,R,T,P,L,K,A,K,I,I,N,I,C,I,W,L,L,S,S,S,V,G,I,S,A,I,V,L,G,G,T,K,V,R,E,D,V,D,V,I,E,C,S,L,Q,F,P,D,D,D,Y,S,W,W,D,L,F,M,K,I,C,V,F,I,F,A,F,V,I,P,V,L,I,I,I,V,C,Y,T,L,M,I,L,R,L,K,S,V,R,L,L,S,G,S,R,E,K,D,R,N,L,R,R,I,T,R,L,V,L,V,V,V,A,V,F,V,V,C,W,T,P,I,H,I,F,I,L,V,E,A,L,G,S,T,-,S,H,S,T,A,A,L,S,S,Y,Y,F,C,I,A,L,G,Y,T,N,S,S,L,N,P,I,L,Y,A,F,L,D,E,N,F,K,R,C,F,R,D,F,C,F,-,,,,,,,,,,,,,,,,,,,,,,,,,,,,,,,,,,,,,,,,,,,,,,,,,,,,,,,,,,,,,,,,,,,,,,,,,,,,,,,,,,,,,,,,,,,,,,,,,,,,,,,,,,,,,,,,,,,,,,,,,
MOR,T,G,S,P,S,-,-,-,-,-,-,-,M,I,T,A,I,T,I,M,A,L,Y,S,I,V,C,V,V,G,L,F,G,N,F,L,V,M,Y,V,I,V,R,Y,T,K,M,K,T,A,T,N,I,Y,I,F,N,L,A,L,A,D,A,L,A,T,S,T,L,P,F,Q,S,V,N,Y,L,M,G,T,W,P,F,G,T,I,L,C,K,I,V,I,S,I,D,Y,Y,N,M,F,T,S,I,F,T,L,C,T,M,S,V,D,R,Y,I,A,V,C,H,P,V,K,A,L,D,F,R,T,P,R,N,A,K,I,I,N,V,C,N,W,I,L,S,S,A,I,G,L,P,V,M,F,M,A,T,T,K,Y,R,Q,G,S,I,D,-,-,C,T,L,T,F,S,H,P,-,T,W,Y,W,E,N,L,L,K,I,C,V,F,I,F,A,F,I,M,P,V,L,I,I,T,V,C,Y,G,L,M,I,L,R,L,K,S,V,R,M,L,S,G,S,K,E,K,D,R,N,L,R,R,I,T,R,M,V,L,V,V,V,A,V,F,I,V,C,W,T,P,I,H,I,Y,V,I,I,K,A,L,V,T,I,-,P,E,T,T,F,Q,T,V,S,W,H,F,C,I,A,L,G,Y,T,N,S,C,L,N,P,V,L,Y,A,F,L,D,E,N,F,K,R,C,F,R,E,F,C,I,-,,,,,,,,,,,,,,,,,,,,,,,,,,,,,,,,,,,,,,,,,,,,,,,,,,,,,,,,,,,,,,,,,,,,,,,,,,,,,,,,,,,,,,,,,,,,,,,,,,,,,,,,,,,,,,,,,,,,,,,,,
NOP,G,A,F,L,P,-,-,-,-,-,-,-,L,G,L,K,V,T,I,V,G,L,Y,L,A,V,C,V,G,G,L,L,G,N,C,L,V,M,Y,V,I,L,R,H,T,K,M,K,T,A,T,N,I,Y,I,F,N,L,A,L,A,D,T,L,V,L,L,T,L,P,F,Q,G,T,D,I,L,L,G,F,W,P,F,G,N,A,L,C,K,T,V,I,A,I,D,Y,Y,N,M,F,T,S,T,F,T,L,T,A,M,S,V,D,R,Y,V,A,I,C,H,P,I,R,A,L,D,V,R,T,S,S,K,A,Q,A,V,N,V,A,I,W,A,L,A,S,V,V,G,V,P,V,A,I,M,G,S,A,Q,V,E,D,E,E,I,E,-,-,C,L,V,E,I,P,T,P,-,Q,D,Y,W,G,P,V,F,A,I,C,I,F,L,F,S,F,I,V,P,V,L,V,I,S,V,C,Y,S,L,M,I,R,R,L,R,G,V,R,L,L,S,G,S,R,E,K,D,R,N,L,R,R,I,T,R,L,V,L,V,V,V,A,V,F,V,G,C,W,T,P,V,Q,V,F,V,L,A,Q,G,L,G,V,Q,-,P,S,S,E,T,A,V,A,I,L,R,F,C,T,A,L,G,Y,V,N,S,C,L,N,P,I,L,Y,A,F,L,D,E,N,F,K,A,C,F,R,K,F,C,C,-,,,,,,,,,,,,,,,,,,,,,,,,,,,,,,,,,,,,,,,,,,,,,,,,,,,,,,,,,,,,,,,,,,,,,,,,,,,,,,,,,,,,,,,,,,,,,,,,,,,,,,,,,,,,,,,,,,,,,,,,,
Gssh,M,G,-,-,-,-,-,-,C,L,G,-,-,-,-,-,-,-,-,-,-,N,S,K,-,T,E,D,Q,R,N,E,E,K,A,Q,R,E,A,N,K,K,I,E,K,Q,L,Q,K,D,K,Q,V,Y,R,A,T,H,R,L,L,L,L,G,A,G,E,S,G,K,S,T,I,V,K,Q,M,R,I,L,H,V,N,G,F,N,G,D,S,_,_,_,_,_,_,_,_,_,_,_,_,_,_,E,K,A,T,K,V,Q,D,I,K,N,N,L,K,E,A,I,E,T,I,V,A,A,M,S,N,L,V,P,P,V,E,L,A,N,P,E,N,Q,F,R,V,D,Y,I,L,S,V,M,N,V,P,D,F,-,-,-,-,D,F,P,P,E,F,Y,E,H,A,K,A,L,W,E,D,E,G,V,R,A,C,Y,E,R,S,N,E,Y,Q,L,I,D,C,A,Q,Y,F,L,D,K,I,D,V,I,K,Q,A,D,Y,V,P,S,D,Q,D,L,L,R,C,R,V,L,T,S,G,I,F,E,T,K,F,Q,V,D,K,V,N,F,H,M,F,D,V,G,G,Q,R,D,E,R,R,K,W,I,Q,C,F,N,D,V,T,A,I,I,F,V,V,A,S,S,S,Y,N,M,V,I,R,E,D,N,Q,T,N,R,L,Q,E,A,L,N,L,F,K,S,I,W,N,N,R,W,L,R,T,I,S,V,I,L,F,L,N,K,Q,D,L,L,A,E,K,V,L,A,G,K,S,K,I,E,D,Y,F,P,E,F,A,R,Y,T,T,P,E,D,A,T,P,E,P,G,E,D,P,R,V,T,R,A,K,Y,-,F,I,R,D,E,F,L,R,I,S,T,A,-,-,-,S,G,D,G,R,H,-,-,-,-,-,-,Y,C,Y,P,H,F,T,C,A,V,D,T,E,N,I,R,R,V,F,N,D,C,R,D,I,I,Q,R,M,H,L,R,Q,Y,E,L,L,
Gslo,M,G,-,-,-,-,-,-,C,L,G,-,-,-,-,-,-,-,-,-,-,N,S,K,-,T,E,D,Q,R,N,E,E,K,A,Q,R,E,A,N,K,K,I,E,K,Q,L,Q,K,D,K,Q,V,Y,R,A,T,H,R,L,L,L,L,G,A,G,E,S,G,K,S,T,I,V,K,Q,M,R,I,L,H,V,N,G,F,N,G,E,G,G,E,E,D,P,Q,A,A,R,S,N,S,D,G,E,K,A,T,K,V,Q,D,I,K,N,N,L,K,E,A,I,E,T,I,V,A,A,M,S,N,L,V,P,P,V,E,L,A,N,P,E,N,Q,F,R,V,D,Y,I,L,S,V,M,N,V,P,D,F,-,-,-,-,D,F,P,P,E,F,Y,E,H,A,K,A,L,W,E,D,E,G,V,R,A,C,Y,E,R,S,N,E,Y,Q,L,I,D,C,A,Q,Y,F,L,D,K,I,D,V,I,K,Q,A,D,Y,V,P,S,D,Q,D,L,L,R,C,R,V,L,T,S,G,I,F,E,T,K,F,Q,V,D,K,V,N,F,H,M,F,D,V,G,G,Q,R,D,E,R,R,K,W,I,Q,C,F,N,D,V,T,A,I,I,F,V,V,A,S,S,S,Y,N,M,V,I,R,E,D,N,Q,T,N,R,L,Q,E,A,L,N,L,F,K,S,I,W,N,N,R,W,L,R,T,I,S,V,I,L,F,L,N,K,Q,D,L,L,A,E,K,V,L,A,G,K,S,K,I,E,D,Y,F,P,E,F,A,R,Y,T,T,P,E,D,A,T,P,E,P,G,E,D,P,R,V,T,R,A,K,Y,-,F,I,R,D,E,F,L,R,I,S,T,A,-,-,-,S,G,D,G,R,H,-,-,-,-,-,-,Y,C,Y,P,H,F,T,C,A,V,D,T,E,N,I,R,R,V,F,N,D,C,R,D,I,I,Q,R,M,H,L,R,Q,Y,E,L,L,
Gi1,M,G,-,-,-,-,-,-,C,T,L,-,-,-,-,-,-,-,-,-,-,-,-,-,-,-,-,-,-,S,A,E,D,K,A,A,V,E,R,S,K,M,I,D,R,N,L,R,E,D,G,E,K,A,A,R,E,V,K,L,L,L,L,G,A,G,E,S,G,K,S,T,I,V,K,Q,M,K,I,I,H,E,A,G,Y,S,_,_,_,_,_,_,_,_,_,_,_,_,_,_,_,E,E,E,C,K,Q,Y,K,A,V,V,Y,S,N,T,I,Q,S,I,I,A,I,I,R,A,M,G,R,L,K,-,-,I,D,F,G,D,S,A,R,A,D,D,A,R,Q,L,F,V,L,A,G,A,A,E,E,-,-,-,G,F,M,T,A,E,L,A,G,V,I,K,R,L,W,K,D,S,G,V,Q,A,C,F,N,R,S,R,E,Y,Q,L,N,D,S,A,A,Y,Y,L,N,D,L,D,R,I,A,Q,P,N,Y,I,P,T,Q,Q,D,V,L,R,T,R,V,K,T,T,G,I,V,E,T,H,F,T,F,K,D,L,H,F,K,M,F,D,V,G,G,Q,R,S,E,R,K,K,W,I,H,C,F,E,G,V,T,A,I,I,F,C,V,A,L,S,D,Y,D,L,V,L,A,E,D,E,E,M,N,R,M,H,E,S,M,K,L,F,D,S,I,C,N,N,K,W,F,T,D,T,S,I,I,L,F,L,N,K,K,D,L,F,E,E,K,I,K,-,-,K,S,P,L,T,I,C,Y,P,E,Y,A,G,S,_,_,_,_,_,_,_,_,_,_,_,_,_,N,T,Y,E,E,A,A,A,-,Y,I,Q,C,Q,F,E,D,L,N,K,R,-,-,-,K,D,T,K,E,_,_,_,_,_,_,_,_,I,Y,T,H,F,T,C,A,T,D,T,K,N,V,Q,F,V,F,D,A,V,T,D,V,I,I,K,N,N,L,K,D,C,G,L,F,
Gi2,M,G,-,-,-,-,-,-,C,T,V,-,-,-,-,-,-,-,-,-,-,-,-,-,-,-,-,-,-,S,A,E,D,K,A,A,A,E,R,S,K,M,I,D,K,N,L,R,E,D,G,E,K,A,A,R,E,V,K,L,L,L,L,G,A,G,E,S,G,K,S,T,I,V,K,Q,M,K,I,I,H,E,D,G,Y,S,_,_,_,_,_,_,_,_,_,_,_,_,_,_,_,E,E,E,C,R,Q,Y,R,A,V,V,Y,S,N,T,I,Q,S,I,M,A,I,V,K,A,M,G,N,L,Q,-,-,I,D,F,A,D,P,S,R,A,D,D,A,R,Q,L,F,A,L,S,C,T,A,E,E,-,-,Q,G,V,L,P,D,D,L,S,G,V,I,R,R,L,W,A,D,H,G,V,Q,A,C,F,G,R,S,R,E,Y,Q,L,N,D,S,A,A,Y,Y,L,N,D,L,E,R,I,A,Q,S,D,Y,I,P,T,Q,Q,D,V,L,R,T,R,V,K,T,T,G,I,V,E,T,H,F,T,F,K,D,L,H,F,K,M,F,D,V,G,G,Q,R,S,E,R,K,K,W,I,H,C,F,E,G,V,T,A,I,I,F,C,V,A,L,S,A,Y,D,L,V,L,A,E,D,E,E,M,N,R,M,H,E,S,M,K,L,F,D,S,I,C,N,N,K,W,F,T,D,T,S,I,I,L,F,L,N,K,K,D,L,F,E,E,K,I,T,-,-,H,S,P,L,T,I,C,F,P,E,Y,T,G,A,_,_,_,_,_,_,_,_,_,_,_,_,_,N,K,Y,D,E,A,A,S,-,Y,I,Q,S,K,F,E,D,L,N,K,R,-,-,-,K,D,T,K,E,_,_,_,_,_,_,_,_,I,Y,T,H,F,T,C,A,T,D,T,K,N,V,Q,F,V,F,D,A,V,T,D,V,I,I,K,N,N,L,K,D,C,G,L,F,
Gi3,M,G,-,-,-,-,-,-,C,T,L,-,-,-,-,-,-,-,-,-,-,-,-,-,-,-,-,-,-,S,A,E,D,K,A,A,V,E,R,S,K,M,I,D,R,N,L,R,E,D,G,E,K,A,A,K,E,V,K,L,L,L,L,G,A,G,E,S,G,K,S,T,I,V,K,Q,M,K,I,I,H,E,D,G,Y,S,_,_,_,_,_,_,_,_,_,_,_,_,_,_,_,E,D,E,C,K,Q,Y,K,V,V,V,Y,S,N,T,I,Q,S,I,I,A,I,I,R,A,M,G,R,L,K,-,-,I,D,F,G,E,A,A,R,A,D,D,A,R,Q,L,F,V,L,A,G,S,A,E,E,-,-,-,G,V,M,T,P,E,L,A,G,V,I,K,R,L,W,R,D,G,G,V,Q,A,C,F,S,R,S,R,E,Y,Q,L,N,D,S,A,S,Y,Y,L,N,D,L,D,R,I,S,Q,S,N,Y,I,P,T,Q,Q,D,V,L,R,T,R,V,K,T,T,G,I,V,E,T,H,F,T,F,K,D,L,Y,F,K,M,F,D,V,G,G,Q,R,S,E,R,K,K,W,I,H,C,F,E,G,V,T,A,I,I,F,C,V,A,L,S,D,Y,D,L,V,L,A,E,D,E,E,M,N,R,M,H,E,S,M,K,L,F,D,S,I,C,N,N,K,W,F,T,E,T,S,I,I,L,F,L,N,K,K,D,L,F,E,E,K,I,K,-,-,R,S,P,L,T,I,C,Y,P,E,Y,T,G,S,_,_,_,_,_,_,_,_,_,_,_,_,_,N,T,Y,E,E,A,A,A,-,Y,I,Q,C,Q,F,E,D,L,N,R,R,-,-,-,K,D,T,K,E,_,_,_,_,_,_,_,_,I,Y,T,H,F,T,C,A,T,D,T,K,N,V,Q,F,V,F,D,A,V,T,D,V,I,I,K,N,N,L,K,E,C,G,L,Y,
Gz,M,G,-,-,-,-,-,-,C,R,Q,-,-,-,-,-,-,-,-,-,-,-,-,-,-,-,-,-,-,S,S,E,E,K,E,A,A,R,R,S,R,R,I,D,R,H,L,R,S,E,S,Q,R,Q,R,R,E,I,K,L,L,L,L,G,T,S,N,S,G,K,S,T,I,V,K,Q,M,K,I,I,H,S,G,G,F,N,_,_,_,_,_,_,_,_,_,_,_,_,_,_,_,L,E,A,C,K,E,Y,K,P,L,I,I,Y,N,A,I,D,S,L,T,R,I,I,R,A,L,A,A,L,R,-,-,I,D,F,H,N,P,D,R,A,Y,D,A,V,Q,L,F,A,L,T,G,P,A,E,S,K,-,-,G,E,I,T,P,E,L,L,G,V,M,R,R,L,W,A,D,P,G,A,Q,A,C,F,S,R,S,S,E,Y,H,L,E,D,N,A,A,Y,Y,L,N,D,L,E,R,I,A,A,A,D,Y,I,P,T,V,E,D,I,L,R,S,R,D,M,T,T,G,I,V,E,N,K,F,T,F,K,E,L,T,F,K,M,V,D,V,G,G,Q,R,S,E,R,K,K,W,I,H,C,F,E,G,V,T,A,I,I,F,C,V,E,L,S,G,Y,D,L,K,L,Y,E,D,N,Q,T,S,R,M,A,E,S,L,R,L,F,D,S,I,C,N,N,N,W,F,I,N,T,S,L,I,L,F,L,N,K,K,D,L,L,A,E,K,I,R,-,-,R,I,P,L,T,I,C,F,P,E,Y,K,G,Q,_,_,_,_,_,_,_,_,_,_,_,_,_,N,T,Y,E,E,A,A,V,-,Y,I,Q,R,Q,F,E,D,L,N,R,N,-,-,-,K,E,T,K,E,_,_,_,_,_,_,_,_,I,Y,S,H,F,T,C,A,T,D,T,S,N,I,Q,F,V,F,D,A,V,T,D,V,I,I,Q,N,N,L,K,Y,I,G,L,C,
Go,M,G,-,-,-,-,-,-,C,T,L,-,-,-,-,-,-,-,-,-,-,-,-,-,-,-,-,-,-,S,A,E,E,R,A,A,L,E,R,S,K,A,I,E,K,N,L,K,E,D,G,I,S,A,A,K,D,V,K,L,L,L,L,G,A,G,E,S,G,K,S,T,I,V,K,Q,M,K,I,I,H,E,D,G,F,S,_,_,_,_,_,_,_,_,_,_,_,_,_,_,_,G,E,D,V,K,Q,Y,K,P,V,V,Y,S,N,T,I,Q,S,L,A,A,I,V,R,A,M,D,T,L,G,-,-,I,E,Y,G,D,K,E,R,K,A,D,A,K,M,V,C,D,V,V,S,R,M,E,D,T,-,-,E,P,F,S,A,E,L,L,S,A,M,M,R,L,W,G,D,S,G,I,Q,E,C,F,N,R,S,R,E,Y,Q,L,N,D,S,A,K,Y,Y,L,D,S,L,D,R,I,G,A,A,D,Y,Q,P,T,E,Q,D,I,L,R,T,R,V,K,T,T,G,I,V,E,T,H,F,T,F,K,N,L,H,F,R,L,F,D,V,G,G,Q,R,S,E,R,K,K,W,I,H,C,F,E,D,V,T,A,I,I,F,C,V,A,L,S,G,Y,D,Q,V,L,H,E,D,E,T,T,N,R,M,H,E,S,L,M,L,F,D,S,I,C,N,N,K,F,F,I,D,T,S,I,I,L,F,L,N,K,K,D,L,F,G,E,K,I,K,-,-,K,S,P,L,T,I,C,F,P,E,Y,T,G,P,_,_,_,_,_,_,_,_,_,_,_,_,_,N,T,Y,E,D,A,A,A,-,Y,I,Q,A,Q,F,E,S,K,N,R,-,-,-,-,S,P,N,K,E,_,_,_,_,_,_,_,_,I,Y,C,H,M,T,C,A,T,D,T,N,N,I,Q,V,V,F,D,A,V,T,D,I,I,I,A,N,N,L,R,G,C,G,L,Y,
Gob,M,G,-,-,-,-,-,-,C,T,L,-,-,-,-,-,-,-,-,-,-,-,-,-,-,-,-,-,-,S,A,E,E,R,A,A,L,E,R,S,K,A,I,E,K,N,L,K,E,D,G,I,S,A,A,K,D,V,K,L,L,L,L,G,A,G,E,S,G,K,S,T,I,V,K,Q,M,K,I,I,H,E,D,G,F,S,_,_,_,_,_,_,_,_,_,_,_,_,_,_,_,G,E,D,V,K,Q,Y,K,P,V,V,Y,S,N,T,I,Q,S,L,A,A,I,V,R,A,M,D,T,L,G,-,-,I,E,Y,G,D,K,E,R,K,A,D,A,K,M,V,C,D,V,V,S,R,M,E,D,T,-,-,E,P,F,S,A,E,L,L,S,A,M,M,R,L,W,G,D,S,G,I,Q,E,C,F,N,R,S,R,E,Y,Q,L,N,D,S,A,K,Y,Y,L,D,S,L,D,R,I,G,A,A,D,Y,Q,P,T,E,Q,D,I,L,R,T,R,V,K,T,T,G,I,V,E,T,H,F,T,F,K,N,L,H,F,R,L,F,D,V,G,G,Q,R,S,E,R,K,K,W,I,H,C,F,E,D,V,T,A,I,I,F,C,V,A,L,S,G,Y,D,Q,V,L,H,E,D,E,T,T,N,R,M,H,E,S,L,K,L,F,D,S,I,C,N,N,K,F,F,I,D,T,S,I,I,L,F,L,N,K,K,D,L,F,G,E,K,I,K,-,-,K,S,P,L,T,I,C,F,P,E,Y,T,G,P,_,_,_,_,_,_,_,_,_,_,_,_,_,N,T,Y,E,D,A,A,A,-,Y,I,Q,A,Q,F,E,S,K,N,R,-,-,-,-,S,P,N,K,E,_,_,_,_,_,_,_,_,I,Y,C,H,M,T,C,A,T,D,T,N,N,I,Q,V,V,F,D,A,V,T,D,I,I,I,A,K,N,L,R,G,C,G,L,Y,
Gq_6DDF,M,T,L,E,S,I,M,A,C,C,L,-,-,-,-,-,-,-,-,-,-,-,-,-,-,-,-,-,-,S,E,E,A,K,E,A,R,R,I,N,D,E,I,E,R,Q,L,R,R,D,K,R,D,A,R,R,E,L,K,L,L,L,L,G,T,G,E,S,G,K,S,T,F,I,K,Q,M,R,I,I,H,G,S,G,Y,S,_,_,_,_,_,_,_,_,_,_,_,_,_,_,_,D,E,D,K,R,G,F,T,K,L,V,Y,Q,N,I,F,T,A,M,Q,A,M,I,R,A,M,D,T,L,K,-,-,I,P,Y,K,Y,E,H,N,K,A,H,A,Q,L,V,R,E,V,D,V,E,K,V,S,A,-,-,-,-,F,E,N,P,Y,V,D,A,I,K,S,L,W,N,D,P,G,I,Q,E,C,Y,D,R,R,R,E,Y,Q,L,S,D,S,T,K,Y,Y,L,N,D,L,D,R,V,A,D,P,A,Y,L,P,T,Q,Q,D,V,L,R,V,R,V,P,T,T,G,I,I,E,Y,P,F,D,L,Q,S,V,I,F,R,M,V,D,V,G,G,Q,R,S,E,R,R,K,W,I,H,C,F,E,N,V,T,S,I,M,F,L,V,A,L,S,E,Y,D,Q,V,L,V,E,S,D,N,E,N,R,M,E,E,S,K,A,L,F,R,T,I,I,T,Y,P,W,F,Q,N,S,S,V,I,L,F,L,N,K,K,D,L,L,E,E,K,I,M,-,-,Y,S,H,L,V,D,Y,F,P,E,Y,D,G,P,_,_,_,_,_,_,_,_,_,_,_,_,_,Q,R,D,A,Q,A,A,R,E,F,I,L,K,M,F,V,D,L,-,-,-,-,-,-,N,P,D,S,D,K,-,-,-,-,-,-,I,I,Y,S,H,F,T,C,A,T,D,T,E,N,I,R,F,V,F,A,A,V,K,D,T,I,L,Q,L,N,L,K,E,Y,N,L,V,
Gq_6OIJ,M,T,L,E,S,I,M,A,C,C,L,-,-,-,-,-,-,-,-,-,-,-,-,-,-,-,-,-,-,S,E,E,A,K,E,A,R,R,I,N,D,E,I,E,R,Q,L,R,R,D,K,R,D,A,R,R,E,L,K,L,L,L,L,G,T,G,E,S,G,K,S,T,F,I,K,Q,M,R,I,I,H,G,S,G,Y,S,_,_,_,_,_,_,_,_,_,_,_,_,_,_,_,D,E,D,K,R,G,F,T,K,L,V,Y,Q,N,I,F,T,A,M,Q,A,M,I,R,A,M,D,T,L,K,-,-,I,P,Y,K,Y,E,H,N,K,A,H,A,Q,L,V,R,E,V,D,V,E,K,V,S,A,-,-,-,-,F,E,N,P,Y,V,D,A,I,K,S,L,W,N,D,P,G,I,Q,E,C,Y,D,R,R,R,E,Y,Q,L,S,D,S,T,K,Y,Y,L,N,D,L,D,R,V,A,D,P,A,Y,L,P,T,Q,Q,D,V,L,R,V,R,V,P,T,T,G,I,I,E,Y,P,F,D,L,Q,S,V,I,F,R,M,V,D,V,G,G,Q,R,S,E,R,R,K,W,I,H,C,F,E,N,V,T,S,I,M,F,L,V,A,L,S,E,Y,D,Q,V,L,V,E,S,D,N,E,N,R,M,E,E,S,K,A,L,F,R,T,I,I,T,Y,P,W,F,Q,N,S,S,V,I,L,F,L,N,K,K,D,L,L,E,E,K,I,M,-,-,Y,S,H,L,V,D,Y,F,P,E,Y,D,G,P,_,_,_,_,_,_,_,_,_,_,_,_,_,Q,R,D,A,Q,A,A,R,E,F,I,L,K,M,F,V,D,L,-,-,-,-,-,-,N,P,D,S,D,K,-,-,-,-,-,-,I,I,Y,S,H,F,T,C,A,T,D,T,E,N,I,R,F,V,F,A,A,V,K,D,T,I,L,Q,L,N,L,K,E,Y,N,L,V,
G11_6DDF,M,T,L,E,S,M,M,A,C,C,L,-,-,-,-,-,-,-,-,-,-,-,-,-,-,-,-,-,-,S,D,E,V,K,E,S,K,R,I,N,A,E,I,E,K,Q,L,R,R,D,K,R,D,A,R,R,E,L,K,L,L,L,L,G,T,G,E,S,G,K,S,T,F,I,K,Q,M,R,I,I,H,G,A,G,Y,S,_,_,_,_,_,_,_,_,_,_,_,_,_,_,_,E,E,D,K,R,G,F,T,K,L,V,Y,Q,N,I,F,T,A,M,Q,A,M,I,R,A,M,E,T,L,K,-,-,I,L,Y,K,Y,E,Q,N,K,A,N,A,L,L,I,R,E,V,D,V,E,K,V,T,T,-,-,-,-,F,E,H,Q,Y,V,S,A,I,K,T,L,W,E,D,P,G,I,Q,E,C,Y,D,R,R,R,E,Y,Q,L,S,D,S,A,K,Y,Y,L,T,D,V,D,R,I,A,T,L,G,Y,L,P,T,Q,Q,D,V,L,R,V,R,V,P,T,T,G,I,I,E,Y,P,F,D,L,E,N,I,I,F,R,M,V,D,V,G,G,Q,R,S,E,R,R,K,W,I,H,C,F,E,N,V,T,S,I,M,F,L,V,A,L,S,E,Y,D,Q,V,L,V,E,S,D,N,E,N,R,M,E,E,S,K,A,L,F,R,T,I,I,T,Y,P,W,F,Q,N,S,S,V,I,L,F,L,N,K,K,D,L,L,E,D,K,I,L,-,-,Y,S,H,L,V,D,Y,F,P,E,F,D,G,P,_,_,_,_,_,_,_,_,_,_,_,_,_,Q,R,D,A,Q,A,A,R,E,F,I,L,K,M,F,V,D,L,-,-,-,-,-,-,N,P,D,S,D,K,-,-,-,-,-,-,I,I,Y,S,H,F,T,C,A,T,D,T,E,N,I,R,F,V,F,A,A,V,K,D,T,I,L,Q,L,N,L,K,E,Y,N,L,V,
G11_6OIJ,M,T,L,E,S,M,M,A,C,C,L,-,-,-,-,-,-,-,-,-,-,-,-,-,-,-,-,-,-,S,D,E,V,K,E,S,K,R,I,N,A,E,I,E,K,Q,L,R,R,D,K,R,D,A,R,R,E,L,K,L,L,L,L,G,T,G,E,S,G,K,S,T,F,I,K,Q,M,R,I,I,H,G,A,G,Y,S,_,_,_,_,_,_,_,_,_,_,_,_,_,_,_,E,E,D,K,R,G,F,T,K,L,V,Y,Q,N,I,F,T,A,M,Q,A,M,I,R,A,M,E,T,L,K,-,-,I,L,Y,K,Y,E,Q,N,K,A,N,A,L,L,I,R,E,V,D,V,E,K,V,T,T,-,-,-,-,F,E,H,Q,Y,V,S,A,I,K,T,L,W,E,D,P,G,I,Q,E,C,Y,D,R,R,R,E,Y,Q,L,S,D,S,A,K,Y,Y,L,T,D,V,D,R,I,A,T,L,G,Y,L,P,T,Q,Q,D,V,L,R,V,R,V,P,T,T,G,I,I,E,Y,P,F,D,L,E,N,I,I,F,R,M,V,D,V,G,G,Q,R,S,E,R,R,K,W,I,H,C,F,E,N,V,T,S,I,M,F,L,V,A,L,S,E,Y,D,Q,V,L,V,E,S,D,N,E,N,R,M,E,E,S,K,A,L,F,R,T,I,I,T,Y,P,W,F,Q,N,S,S,V,I,L,F,L,N,K,K,D,L,L,E,D,K,I,L,-,-,Y,S,H,L,V,D,Y,F,P,E,F,D,G,P,_,_,_,_,_,_,_,_,_,_,_,_,_,Q,R,D,A,Q,A,A,R,E,F,I,L,K,M,F,V,D,L,-,-,-,-,-,-,N,P,D,S,D,K,-,-,-,-,-,-,I,I,Y,S,H,F,T,C,A,T,D,T,E,N,I,R,F,V,F,A,A,V,K,D,T,I,L,Q,L,N,L,K,E,Y,N,L,V,
G14_6DDF,M,A,G,-,-,-,-,-,C,C,C,-,-,-,-,-,-,-,-,-,-,-,-,-,-,-,-,-,L,S,A,E,E,K,E,S,Q,R,I,S,A,E,I,E,R,Q,L,R,R,D,K,K,D,A,R,R,E,L,K,L,L,L,L,G,T,G,E,S,G,K,S,T,F,I,K,Q,M,R,I,I,H,G,S,G,Y,S,_,_,_,_,_,_,_,_,_,_,_,_,_,_,_,D,E,D,R,K,G,F,T,K,L,V,Y,Q,N,I,F,T,A,M,Q,A,M,I,R,A,M,D,T,L,R,-,-,I,Q,Y,V,C,E,Q,N,K,E,N,A,Q,I,I,R,E,V,E,V,D,K,V,S,M,-,-,-,-,L,S,R,E,Q,V,E,A,I,K,Q,L,W,Q,D,P,G,I,Q,E,C,Y,D,R,R,R,E,Y,Q,L,S,D,S,A,K,Y,Y,L,T,D,I,D,R,I,A,T,P,S,F,V,P,T,Q,Q,D,V,L,R,V,R,V,P,T,T,G,I,I,E,Y,P,F,D,L,E,N,I,I,F,R,M,V,D,V,G,G,Q,R,S,E,R,R,K,W,I,H,C,F,E,S,V,T,S,I,I,F,L,V,A,L,S,E,Y,D,Q,V,L,A,E,C,D,N,E,N,R,M,E,E,S,K,A,L,F,K,T,I,I,T,Y,P,W,F,L,N,S,S,V,I,L,F,L,N,K,K,D,L,L,E,E,K,I,M,-,-,Y,S,H,L,I,S,Y,F,P,E,Y,T,G,P,_,_,_,_,_,_,_,_,_,_,_,_,_,K,Q,D,V,R,A,A,R,D,F,I,L,K,L,Y,Q,D,Q,-,-,-,-,-,-,N,P,D,K,E,K,-,-,-,-,-,-,V,I,Y,S,H,F,T,C,A,T,D,T,D,N,I,R,F,V,F,A,A,V,K,D,T,I,L,Q,L,N,L,R,E,F,N,L,V,
G14_6OIJ,M,A,G,-,-,-,-,-,C,C,C,-,-,-,-,-,-,-,-,-,-,-,-,-,-,-,-,-,L,S,A,E,E,K,E,S,Q,R,I,S,A,E,I,E,R,Q,L,R,R,D,K,K,D,A,R,R,E,L,K,L,L,L,L,G,T,G,E,S,G,K,S,T,F,I,K,Q,M,R,I,I,H,G,S,G,Y,S,_,_,_,_,_,_,_,_,_,_,_,_,_,_,_,D,E,D,R,K,G,F,T,K,L,V,Y,Q,N,I,F,T,A,M,Q,A,M,I,R,A,M,D,T,L,R,-,-,I,Q,Y,V,C,E,Q,N,K,E,N,A,Q,I,I,R,E,V,E,V,D,K,V,S,M,-,-,-,-,L,S,R,E,Q,V,E,A,I,K,Q,L,W,Q,D,P,G,I,Q,E,C,Y,D,R,R,R,E,Y,Q,L,S,D,S,A,K,Y,Y,L,T,D,I,D,R,I,A,T,P,S,F,V,P,T,Q,Q,D,V,L,R,V,R,V,P,T,T,G,I,I,E,Y,P,F,D,L,E,N,I,I,F,R,M,V,D,V,G,G,Q,R,S,E,R,R,K,W,I,H,C,F,E,S,V,T,S,I,I,F,L,V,A,L,S,E,Y,D,Q,V,L,A,E,C,D,N,E,N,R,M,E,E,S,K,A,L,F,K,T,I,I,T,Y,P,W,F,L,N,S,S,V,I,L,F,L,N,K,K,D,L,L,E,E,K,I,M,-,-,Y,S,H,L,I,S,Y,F,P,E,Y,T,G,P,_,_,_,_,_,_,_,_,_,_,_,_,_,K,Q,D,V,R,A,A,R,D,F,I,L,K,L,Y,Q,D,Q,-,-,-,-,-,-,N,P,D,K,E,K,-,-,-,-,-,-,V,I,Y,S,H,F,T,C,A,T,D,T,D,N,I,R,F,V,F,A,A,V,K,D,T,I,L,Q,L,N,L,R,E,F,N,L,V,
G15_6DDF,M,A,R,S,L,T,W,R,C,C,P,-,-,-,-,-,-,-,-,-,-,-,-,-,-,-,W,C,L,T,E,D,E,K,A,A,A,R,V,D,Q,E,I,N,R,I,L,L,E,Q,K,K,Q,D,R,G,E,L,K,L,L,L,L,G,P,G,E,S,G,K,S,T,F,I,K,Q,M,R,I,I,H,G,A,G,Y,S,_,_,_,_,_,_,_,_,_,_,_,_,_,_,_,E,E,E,R,K,G,F,R,P,L,V,Y,Q,N,I,F,V,S,M,R,A,M,I,E,A,M,E,R,L,Q,-,-,I,P,F,S,R,P,E,S,K,H,H,A,S,L,V,M,S,Q,D,P,Y,K,V,T,T,-,-,-,-,F,E,K,R,Y,A,A,A,M,Q,W,L,W,R,D,A,G,I,R,A,Y,Y,E,R,R,R,E,F,H,L,L,D,S,A,V,Y,Y,L,S,H,L,E,R,I,T,E,E,G,Y,V,P,T,A,Q,D,V,L,R,S,R,M,P,T,T,G,I,N,E,Y,C,F,S,V,Q,K,T,N,L,R,I,V,D,V,G,G,Q,K,S,E,R,K,K,W,I,H,C,F,E,N,V,I,A,L,I,Y,L,A,S,L,S,E,Y,D,Q,C,L,E,E,N,N,Q,E,N,R,M,K,E,S,L,A,L,F,G,T,I,L,E,L,P,W,F,K,S,T,S,V,I,L,F,L,N,K,T,D,I,L,E,E,K,I,P,-,-,T,S,H,L,A,T,Y,F,P,S,F,Q,G,P,_,_,_,_,_,_,_,_,_,_,_,_,_,K,Q,D,A,E,A,A,K,R,F,I,L,D,M,Y,T,R,M,Y,T,G,C,V,D,G,P,E,G,S,K,K,G,A,R,S,R,R,L,F,S,H,Y,T,C,A,T,D,T,Q,N,I,R,K,V,F,K,D,V,R,D,S,V,L,A,R,Y,L,D,E,I,N,L,L,
G15_6OIJ,M,A,R,S,L,T,W,R,C,C,P,-,-,-,-,-,-,-,-,-,-,-,-,-,-,-,W,C,L,T,E,D,E,K,A,A,A,R,V,D,Q,E,I,N,R,I,L,L,E,Q,K,K,Q,D,R,G,E,L,K,L,L,L,L,G,P,G,E,S,G,K,S,T,F,I,K,Q,M,R,I,I,H,G,A,G,Y,S,_,_,_,_,_,_,_,_,_,_,_,_,_,_,_,E,E,E,R,K,G,F,R,P,L,V,Y,Q,N,I,F,V,S,M,R,A,M,I,E,A,M,E,R,L,Q,-,-,I,P,F,S,R,P,E,S,K,H,H,A,S,L,V,M,S,Q,D,P,Y,K,V,T,T,-,-,-,-,F,E,K,R,Y,A,A,A,M,Q,W,L,W,R,D,A,G,I,R,A,Y,Y,E,R,R,R,E,F,H,L,L,D,S,A,V,Y,Y,L,S,H,L,E,R,I,T,E,E,G,Y,V,P,T,A,Q,D,V,L,R,S,R,M,P,T,T,G,I,N,E,Y,C,F,S,V,Q,K,T,N,L,R,I,V,D,V,G,G,Q,K,S,E,R,K,K,W,I,H,C,F,E,N,V,I,A,L,I,Y,L,A,S,L,S,E,Y,D,Q,C,L,E,E,N,N,Q,E,N,R,M,K,E,S,L,A,L,F,G,T,I,L,E,L,P,W,F,K,S,T,S,V,I,L,F,L,N,K,T,D,I,L,E,E,K,I,P,-,-,T,S,H,L,A,T,Y,F,P,S,F,Q,G,P,_,_,_,_,_,_,_,_,_,_,_,_,_,K,Q,D,A,E,A,A,K,R,F,I,L,D,M,Y,T,R,M,Y,T,G,C,V,D,G,P,E,G,S,K,K,G,A,R,S,R,R,L,F,S,H,Y,T,C,A,T,D,T,Q,N,I,R,K,V,F,K,D,V,R,D,S,V,L,A,R,Y,L,D,E,I,N,L,L,
G12_6DDF,M,S,G,V,V,R,T,L,S,R,C,L,L,P,A,E,A,G,G,A,R,E,R,R,A,G,S,G,A,R,D,A,E,R,E,A,R,R,R,S,R,D,I,D,A,L,L,A,R,E,R,R,A,V,R,R,L,V,K,I,L,L,L,G,A,G,E,S,G,K,S,T,F,L,K,Q,M,R,I,I,H,G,R,E,F,D,_,_,_,_,_,_,_,_,_,_,_,_,_,_,_,Q,K,A,L,L,E,F,R,D,T,I,F,D,N,I,L,K,G,S,R,V,L,V,D,A,R,D,K,L,G,-,-,I,P,W,Q,Y,S,E,N,E,K,H,G,M,F,L,M,A,F,E,N,K,A,G,L,P,V,E,P,A,T,F,Q,L,Y,V,P,A,L,S,A,L,W,R,D,S,G,I,R,E,A,F,S,R,R,S,E,F,Q,L,G,E,S,V,K,Y,F,L,D,N,L,D,R,I,G,Q,L,N,Y,F,P,S,K,Q,D,I,L,L,A,R,K,A,T,K,G,I,V,E,H,D,F,V,I,K,K,I,P,F,K,M,V,D,V,G,G,Q,R,S,Q,R,Q,K,W,F,Q,C,F,D,G,I,T,S,I,L,F,M,V,S,S,S,E,Y,D,Q,V,L,M,E,D,R,R,T,N,R,L,V,E,S,M,N,I,F,E,T,I,V,N,N,K,L,F,F,N,V,S,I,I,L,F,L,N,K,M,D,L,L,V,E,K,V,K,-,-,T,V,S,I,K,K,H,F,P,D,F,R,G,D,_,_,_,_,_,_,_,_,_,_,_,_,_,P,H,R,L,E,D,V,Q,R,Y,L,V,Q,C,F,D,R,K,-,-,-,-,-,-,R,R,N,R,S,-,-,-,-,-,-,K,P,L,F,H,H,F,T,T,A,I,D,T,E,N,V,R,F,V,F,H,A,V,K,D,T,I,L,Q,E,N,L,K,D,I,M,L,Q,
G12_6OIJ,M,S,G,V,V,R,T,L,S,R,C,L,L,P,A,E,A,G,G,A,R,E,R,R,A,G,S,G,A,R,D,A,E,R,E,A,R,R,R,S,R,D,I,D,A,L,L,A,R,E,R,R,A,V,R,R,L,V,K,I,L,L,L,G,A,G,E,S,G,K,S,T,F,L,K,Q,M,R,I,I,H,G,R,E,F,D,_,_,_,_,_,_,_,_,_,_,_,_,_,_,_,Q,K,A,L,L,E,F,R,D,T,I,F,D,N,I,L,K,G,S,R,V,L,V,D,A,R,D,K,L,G,-,-,I,P,W,Q,Y,S,E,N,E,K,H,G,M,F,L,M,A,F,E,N,K,A,G,L,P,V,E,P,A,T,F,Q,L,Y,V,P,A,L,S,A,L,W,R,D,S,G,I,R,E,A,F,S,R,R,S,E,F,Q,L,G,E,S,V,K,Y,F,L,D,N,L,D,R,I,G,Q,L,N,Y,F,P,S,K,Q,D,I,L,L,A,R,K,A,T,K,G,I,V,E,H,D,F,V,I,K,K,I,P,F,K,M,V,D,V,G,G,Q,R,S,Q,R,Q,K,W,F,Q,C,F,D,G,I,T,S,I,L,F,M,V,S,S,S,E,Y,D,Q,V,L,M,E,D,R,R,T,N,R,L,V,E,S,M,N,I,F,E,T,I,V,N,N,K,L,F,F,N,V,S,I,I,L,F,L,N,K,M,D,L,L,V,E,K,V,K,-,-,T,V,S,I,K,K,H,F,P,D,F,R,G,D,_,_,_,_,_,_,_,_,_,_,_,_,_,P,H,R,L,E,D,V,Q,R,Y,L,V,Q,C,F,D,R,K,-,-,-,-,-,-,R,R,N,R,S,-,-,-,-,-,-,K,P,L,F,H,H,F,T,T,A,I,D,T,E,N,V,R,F,V,F,H,A,V,K,D,T,I,L,Q,E,N,L,K,D,I,M,L,Q,
Arr2_6PWC,M,-,G,D,K,G,T,R,V,F,K,K,A,S,P,N,G,K,L,T,V,Y,L,G,K,R,D,F,V,D,H,I,D,L,V,D,P,V,D,G,V,V,L,V,D,P,E,Y,L,K,E,R,R,V,Y,V,T,L,T,C,A,F,R,Y,G,R,E,D,L,D,V,L,G,L,T,F,R,K,D,L,F,V,A,N,V,Q,S,F,P,P,A,P,E,D,K,K,P,L,T,R,L,Q,E,R,L,I,K,K,L,G,E,H,A,Y,P,F,T,F,E,I,P,P,N,L,P,C,S,V,T,L,Q,P,G,P,E,D,T,G,K,A,C,G,V,D,Y,E,V,K,A,F,C,A,E,N,L,E,E,K,I,H,K,R,N,S,V,R,L,V,I,R,K,V,Q,Y,A,P,E,R,P,G,P,Q,P,T,A,E,T,T,R,Q,F,L,M,S,D,K,P,L,H,L,E,A,S,L,D,K,E,I,Y,Y,H,G,E,P,I,S,V,N,V,H,V,T,N,N,T,N,K,T,V,K,K,I,K,I,S,V,R,Q,Y,A,D,I,C,L,F,N,T,A,Q,Y,K,C,P,V,A,M,E,E,A,D,D,T,V,A,P,S,S,T,F,C,K,V,Y,T,L,T,P,F,L,A,N,N,R,E,K,R,G,L,A,L,D,G,K,L,K,H,E,D,T,N,L,A,S,S,T,L,L,R,E,G,A,N,R,E,I,L,G,I,I,V,S,Y,K,V,K,V,K,L,V,V,S,R,G,G,L,L,G,D,L,A,S,S,D,V,A,V,E,L,P,F,T,L,M,H,P,K,P,K,E,E,P,P,-,-,-,-,H,R,E,V,P,E,N,E,T,P,V,D,T,N,L,I,E,L,D,T,N,-,-,-,D,D,D,I,V,F,E,D,F,A,R,Q,R,L,K,G,M,K,D,D,K,E,E,E,E,D,G,T,G,S,P,Q,L,N,N,R
